Change_ID,Change vs current GitHub / original Excel,Action taken,Impact on fixed analytical numbers,Reason
C01,B_data_dictionary.csv contains only 11 core financial variables.,"Expanded source dictionary to include new-account, derivatives, pricing, capability, regulatory and derived metrics actually used in Axis 2.",,Appendix A should cover the variables actually used in the final analysis.
C02,B_sources.csv contains 13 placeholder rows marked PENDING BA.,"Recovered A1/A2, S5–S7 and pricing S1–S19 source URLs from the original Excel where possible; unresolved items are no longer represented only by opaque IDs.",,Original workbook preserves hyperlinks that were dropped during GitHub conversion.
C03,Source IDs S5–S7 are reused in different sheets for unrelated sources.,Stopped relying on source IDs as global keys; crosswalk uses explicit variable + source + URL.,,The IDs are sheet-local/ambiguous and unsafe as a global provenance key.
C04,F5–F8 in B_sources.csv use secondary 24hmoney links but are graded A.,"Upgraded crosswalk links to official VNDIRECT, HSC, Vietcap and MBS investor-relations/financial-statement pages where available.",,Aligns the source map with the project's Tier-A hierarchy.
C05,Original Excel 2.1_Margin labels the series Margin_Loans_bn and mixes definitions for some periods.,Crosswalk uses the GitHub-cleaned definition: FS code 114 total loans = margin + sale-proceeds advances for every broker.,None to final analysis; preserves the already-fixed GitHub series,This is the documented D01 cleaning fix.
C06,Original Excel/newinv clean inputs contain a stale 1.92% stock-brokerage share.,Excluded 1.92% from active final crosswalk and documented the final 2.94% HOSE top-10 upper bound used in Section 5.4.,None; follows final fixed analysis,GitHub D26 identifies 1.92% as mis-sourced; final analysis uses 2.94% upper bound.
C07,Exact stock/margin/derivatives pricing hyperlinks were not fully represented in B_sources.csv.,Recovered the official source links from Excel sheet 2.5_Pricing.,,Needed for reproducible Appendix A and Figure 11 source notes.
C08,A1/A2 in B_sources.csv are placeholders.,Recovered A1 = DNSE Annual Report 2025 and A2 = HNX 2025 stock-brokerage share page from Excel; marked A2 as historical/stale for the final new-investor headroom input.,,Separates historical input from the final Q2/2026 HOSE upper-bound methodology.
C09,Period fields in B_data_dictionary.csv are generic (Quarter-end / 6 months / Static).,"Replaced with actual coverage windows such as Q4/2024–Q2/2026, H1/2026, or snapshot 26 Sep 2026.",,Required by Appendix A instructions.
C10,Source quality differs within brokerage net-revenue adjustment.,Added explicit quality flags: DSE/HCM/MBS explicit; SSI/VND proxy; VCI undisclosed.,,Makes the efficiency metric audit trail transparent.
C11,Original Excel uses gross brokerage contribution margin; final GitHub/report uses net-revenue contribution margin.,Crosswalk documents the final formula based on net brokerage revenue.,None to final report; this documents the already-fixed methodology,Prevents reversion to obsolete workbook logic.
C12,The exact official HOSE page for the 2.94% Q2/2026 boundary is not stored in repo or Excel.,Recovered a dated Tuoi Tre article explicitly citing HOSE and flagged it as secondary evidence pending an official HOSE URL.,,Avoids inventing an official URL while preserving traceability.
C13,HNX monthly derivatives source pack stores local PDF references but not all external PDF URLs.,Retained the original Excel HNX H1/2026 summary link and the GitHub monthly source-pack path together.,,Improves reproducibility without changing volume.
C14,Capability evidence is not present in the original Excel.,"Retained GitHub feature-level source matrix as the authoritative capability provenance; marked AI-assisted, team-verified.",,This workstream was added/refined after the Excel version.
C15,The workbook's Brokerage_Side_Factor=2 was labelled as an assumption.,"Crosswalk documents it as an empirically validated reconciliation input, not an explicit HNX methodology statement.",,Reflects the later verification already adopted by the project.
C16,Potential temptation to overwrite GitHub with original Excel figures.,Explicitly treated Excel as upstream provenance evidence only; GitHub/final-report fixed values remain the analytical source of truth.,,User instruction: do not change any fixed analytical number.
