Variable,Definition,"Source (organisation, dataset)",Primary link,Repo evidence,Retrieved,Unit,Actual period,Source tier,Status,Audit action / note
new_account_share,DNSE share of newly opened market accounts used for momentum.,DNSE Annual Reports 2024–2025; VSDC market totals via public reporting; DNSE/Vietstock Q1/2026 disclosure,https://ir.dnse.com.vn/vi/ctype-yearly_report ; https://vietstock.vn/2026/04/dnse-noi-tiep-da-tang-truong-doanh-thu-va-du-no-margin-737-1429717.htm,data/clean/B_new_account_share_official.csv; data/sources/new_accounts_vsdc.csv,2026-09-26,%,Q4/2024–Q1/2026 (Q2/2026 unavailable),A/C,FINAL,Expanded beyond current dictionary; preserves final P0/P1 methodology.
total_accounts,Cumulative DNSE client accounts.,DNSE Annual Report 2025,https://cdn.dnse.com.vn/dnse-assets/CBTT/DSE%20-%20BCTN%202025.pdf,data/clean/B_account_base.csv; original Excel 2.2_NewInvestors!C2,2026-09-26,accounts,FY2025,A,FINAL,A1 source recovered from original Excel. 2025 account count supported by Annual Report.
total_account_share,DNSE cumulative accounts as share of total market accounts.,DNSE Annual Report 2025,https://cdn.dnse.com.vn/dnse-assets/CBTT/DSE%20-%20BCTN%202025.pdf,data/clean/B_newinv_inputs.csv; original Excel 2.2_NewInvestors,2026-09-26,%,FY2025,A,FINAL,13% source lineage recovered from original Excel/Annual Report; value not changed.
hose_brokerage_share_upper_bound,Upper bound for DNSE HOSE stock-brokerage share because DNSE was outside HOSE top 10.,"HOSE Q2/2026 ranking, recovered via Tuoi Tre report citing HOSE",https://tuoitre.vn/bat-ngo-top-10-moi-gioi-hose-vcbs-bi-bat-khoi-bang-xep-hang-100260706170029783.htm,report/data_issues_log.md (D26); report/findings_axis2_draft.md,2026-09-27,%,Q2/2026,C (secondary citing A),FINAL WITH CAVEAT,"Added post-Excel. 2.94% is the 10th-ranked broker's share and therefore an upper bound, not DNSE's observed share."
lending_total,"Total loans = margin loans + sale-proceeds advances; FS code 114, consistently defined across brokers.","DNSE, SSI, VNDIRECT, HSC, Vietcap, MBS financial statements",https://ir.dnse.com.vn/vi/ctype-finance_report ; https://www.ssi.com.vn/quan-he-nha-dau-tu/bao-cao-tai-chinh ; https://www.vndirect.com.vn/danh_muc_bao_cao/thong-tin-tai-chinh/ ; https://www.hsc.com.vn/en/financial-statements ; https://www.vietcap.com.vn/en/investor-relations/ ; https://www.mbs.com.vn/bao-cao-tai-chinh/,data/sources/bctc_quarterly_4Q_official.csv; data/clean/B_total_loans_consistent.csv,2026-09-26,VND bn,Q4/2024–Q2/2026,A,FINAL,Definition upgraded from mixed 'Margin_Loans_bn' in original Excel to consistent code-114 total loans (D01 fix).
equity,Total owners' equity used for regulatory lending capacity.,Reviewed/audited financial statements of the six-broker sample,https://ir.dnse.com.vn/vi/post/dnse-cong-bo-bao-cao-tai-chinh-ban-nien-2026-va-bao-cao-ty-le-an-toan-tai-chinh-ban-nien-2026-846.htm ; https://www.ssi.com.vn/quan-he-nha-dau-tu/bao-cao-tai-chinh ; https://www.vndirect.com.vn/danh_muc_bao_cao/thong-tin-tai-chinh/ ; https://www.hsc.com.vn/en/financial-statements ; https://www.vietcap.com.vn/en/investor-relations/interim-financial-statements-for-the-six-month-period-ended-30-june-2026 ; https://www.mbs.com.vn/bao-cao-tai-chinh/,data/clean/B_dataset_long.csv; data/clean/2.2_headroom.csv,2026-09-26,VND bn,Q4/2025 and Q2/2026,A,FINAL,Replaced secondary/generic F5–F8 links with official IR/archive pages where available.
financial_debt,Short- and long-term borrowings/finance leases plus bonds issued.,Reviewed/audited financial statements of the six-broker sample,https://ir.dnse.com.vn/vi/ctype-finance_report ; https://www.ssi.com.vn/quan-he-nha-dau-tu/bao-cao-tai-chinh ; https://www.vndirect.com.vn/danh_muc_bao_cao/thong-tin-tai-chinh/ ; https://www.hsc.com.vn/en/financial-statements ; https://www.vietcap.com.vn/en/investor-relations/ ; https://www.mbs.com.vn/bao-cao-tai-chinh/,data/clean/B_dataset_long.csv; original Excel 2.2_Margin P:Z,2026-09-26,VND bn,Q4/2025 and Q2/2026,A,FINAL,Source mapping upgraded; fixed analytical values preserved.
cash,Cash and cash equivalents.,Reviewed H1/2026 financial statements of the six-broker sample,https://ir.dnse.com.vn/vi/ctype-finance_report ; https://www.ssi.com.vn/quan-he-nha-dau-tu/bao-cao-tai-chinh ; https://www.vndirect.com.vn/danh_muc_bao_cao/thong-tin-tai-chinh/ ; https://www.hsc.com.vn/en/financial-statements ; https://www.vietcap.com.vn/en/investor-relations/ ; https://www.mbs.com.vn/bao-cao-tai-chinh/,data/clean/B_dataset_long.csv,2026-09-26,VND bn,Q2/2026,A,FINAL,Period made explicit; no number changed.
interest_expense,Interest expense used in funding-cost analysis.,Reviewed H1/2026 financial statements of the six-broker sample,https://ir.dnse.com.vn/vi/ctype-finance_report ; https://www.ssi.com.vn/quan-he-nha-dau-tu/bao-cao-tai-chinh ; https://www.vndirect.com.vn/danh_muc_bao_cao/thong-tin-tai-chinh/ ; https://www.hsc.com.vn/en/financial-statements ; https://www.vietcap.com.vn/en/investor-relations/ ; https://www.mbs.com.vn/bao-cao-tai-chinh/,data/sources/extracted_from_official_statements.csv; data/clean/B_dataset_long.csv,2026-09-26,VND bn,H1/2026,A,FINAL,Current GitHub generic/secondary links replaced by official source set in crosswalk.
borrow_cost_loans,Borrowing cost attributable to loans; where needed derived from FS code 24 net of provision items.,H1/2026 reviewed financial statements and note disclosures,https://ir.dnse.com.vn/vi/post/dnse-cong-bo-bao-cao-tai-chinh-ban-nien-2026-va-bao-cao-ty-le-an-toan-tai-chinh-ban-nien-2026-846.htm,data/sources/extracted_from_official_statements.csv; data/clean/2.3_peer_breakeven_line24.csv,2026-09-26,VND bn,H1/2026,A,FINAL / DERIVED FOR SOME PEERS,Provenance quality added: explicit/derived status differs by broker.
rev_lending,Interest from loans and receivables; includes advances where disclosed together.,H1/2026 reviewed financial statements of the six-broker sample,https://ir.dnse.com.vn/vi/ctype-finance_report ; https://www.ssi.com.vn/quan-he-nha-dau-tu/bao-cao-tai-chinh ; https://www.vndirect.com.vn/danh_muc_bao_cao/thong-tin-tai-chinh/ ; https://www.hsc.com.vn/en/financial-statements ; https://www.vietcap.com.vn/en/investor-relations/ ; https://www.mbs.com.vn/bao-cao-tai-chinh/,data/sources/bctc_quarterly_4Q_official.csv; data/sources/extracted_from_official_statements.csv,2026-09-26,VND bn,H1/2026,A,FINAL,Scope aligned with average lending balance (margin + advances).
rev_brokerage,Securities brokerage revenue.,H1/2026 reviewed financial statements of the six-broker sample,https://ir.dnse.com.vn/vi/ctype-finance_report ; https://www.ssi.com.vn/quan-he-nha-dau-tu/bao-cao-tai-chinh ; https://www.vndirect.com.vn/danh_muc_bao_cao/thong-tin-tai-chinh/ ; https://www.hsc.com.vn/en/financial-statements ; https://www.vietcap.com.vn/en/investor-relations/ ; https://www.mbs.com.vn/bao-cao-tai-chinh/,data/sources/bctc_quarterly_4Q_official.csv; data/clean/B_brokerage.csv,2026-09-26,VND bn,H1/2025 and H1/2026,A,FINAL,Period expanded beyond old dictionary's generic '6 months'.
exp_brokerage,Securities brokerage expense.,H1/2026 reviewed financial statements of the six-broker sample,https://ir.dnse.com.vn/vi/ctype-finance_report ; https://www.ssi.com.vn/quan-he-nha-dau-tu/bao-cao-tai-chinh ; https://www.vndirect.com.vn/danh_muc_bao_cao/thong-tin-tai-chinh/ ; https://www.hsc.com.vn/en/financial-statements ; https://www.vietcap.com.vn/en/investor-relations/ ; https://www.mbs.com.vn/bao-cao-tai-chinh/,data/sources/extracted_from_official_statements.csv; data/clean/B_brokerage.csv,2026-09-26,VND bn,H1/2025 and H1/2026,A,FINAL,No fixed values changed.
exchange_fees,Exchange/market fees removed from gross brokerage revenue to derive net brokerage revenue where disclosed/proxied.,Broker financial-statement note disclosures,,data/sources/brokerage_fees_H1_2026.csv,2026-09-26,VND bn,H1/2026,A,FINAL WITH QUALITY FLAGS,Explicit for DSE/HCM/MBS; proxy for SSI/VND; not disclosed for VCI.
bank_affiliated,Indicator for bank-controlled broker; used as visual/context marker.,Company ownership disclosures / annual reports,https://www.mbs.com.vn/files/uploads/2026/02/2.-MBS_Annual-Report-2025-final.pdf,data/clean/B_dataset_long.csv,2026-09-26,0/1,Static (2026 snapshot),A,FINAL,MBS classified bank-affiliated; MBS Annual Report shows MB Bank as controlling shareholder.
derivatives_share,Quarterly derivatives brokerage market share by broker.,HNX quarterly derivatives brokerage market-share releases,https://github.com/Xx-Pumpkin-xX/fba_roadto30_2026/blob/main/data/sources/derivatives_share_links.csv,data/sources/derivatives_share_links.csv; data/clean/B_derivatives_share_quarterly.csv,2026-09-26,%,Q4/2024–Q2/2026,A,FINAL,D1–D7 resolved to exact period-level HNX links in source pack.
derivatives_market_volume,H1/2026 matched derivatives contracts used in the revenue run-rate estimate.,HNX H1/2026 derivatives market statistics,https://upboard.hnx.vn/vi-vn/chi-tiet-tin-60023013-0,data/sources/hnx_derivatives_monthly_H1_2026.csv; original Excel 2.2_Derivatives/2.3_Derivatives,2026-09-27,contracts,Jan–Jun 2026,A,FINAL,Repo monthly source pack added on 27 Sep; original Excel HNX summary link retained.
derivatives_side_factor,Two broker sides per matched contract used in the derivatives fee run-rate model.,Empirical reconciliation of HNX market contracts/share with DNSE-reported brokered contracts,https://cdn.dnse.com.vn/dnse-assets/CBTT/DSE%20-%20BCTN%202025.pdf,data/clean/B_deriv_inputs.csv; report/data_issues_log.md,2026-09-27,x,2025 validation applied to H1/2026 model,A + derived,FINAL WITH METHOD NOTE,Not an explicit HNX methodology statement; retained as empirically validated reconciliation rather than unsupported assumption.
stock_brokerage_fee,Published broad/current stock-brokerage fee used in price benchmarking.,"DNSE, VPS, TCBS, SSI, VNDIRECT, MBS official fee schedules",https://hdsd.dnse.com.vn/die-u-khoa-n-di-ch-vu-dnse/dieu-khoan-chuong-trinh-dnse-pro-club/dieu-khoan-chuong-trinh-tang-chung-chi-quy/cau-hoi-thuong-gap ; https://images.vps.com.vn/2026/files/bieu-phi-chung-khoan-niem-yet-2cd3.pdf ; https://help.tcbs.com.vn/bieu-phi-dich-vu-chung-khoan/ ; https://www.ssi.com.vn/khach-hang-ca-nhan/bieu-phi/bieu-gia-dich-vu-giao-dich-chu-dong ; https://support.vndirect.com.vn/hc/vi/articles/41131353413529-FAQ-Bi%E1%BB%83u-Ph%C3%AD-t%E1%BA%A1i-VNDIRECT ; https://www.mbs.com.vn/bieu-phi-giao-dich-chung-khoan-co-so/,original Excel 2.5_Pricing A:K; data/clean/2.5_competition.csv,2026-09-26,% of transaction value,Snapshot 26 Sep 2026,A,FINAL,S1–S7 pricing links recovered from original Excel; avoids ambiguous reused source IDs.
margin_rate,Published broad/current margin lending rate used in price benchmarking.,"DNSE, SSI, TCBS, MBS, HSC, VPS official product/fee pages",https://hdsd.dnse.com.vn/san-pham-dich-vu/sp-giao-dich-ky-quy-theo-deal/sp-giao-dich-ky-quy-rocket-mien-lai ; https://www.ssi.com.vn/tin-tuc/tin-tuc-chung/dieu-chinh-goi-nhap-cuoc-voi-lai-suat-799-danh-cho-khach-hang-moi-va-kich-hoat-tro-lai ; https://help.tcbs.com.vn/chinh-sach-margin/ ; https://www.mbs.com.vn/mbs-uu-dai-lai-suat-9-9-danh-cho-khach-hang-su-dung-dich-vu-giao-dich-chu-dong/ ; https://storage.googleapis.com/hsc-cweb/margin-lending/01-new-margin-model-gioi-thieu-san-pham.pdf ; https://images.vps.com.vn/2026/files/vps-chinh-sach-uu-dai-phi-giao-dich--dich-vu-tai-chinh-bd3e.pdf,original Excel 2.5_Pricing A12:K18; data/clean/2.5_competition.csv,2026-09-26,% per year,Snapshot 26 Sep 2026,A,FINAL,S8–S13 exact links recovered from original Excel.
derivatives_company_fee,"Published company fee per derivatives contract, excluding exchange and VSDC pass-through charges.","DNSE, VPS, TCBS, SSI, VNDIRECT, HSC official fee schedules",https://www.dnse.com.vn/tin-tuc/thong-bao-dieu-chinh-bieu-phi-phai-sinh-tu-ngay-01-05-2026 ; https://images.vps.com.vn/2025/files/bieu-phi-giao-dich-chung-khoan-phai-sinh-05052025-cd8e.pdf ; https://help.tcbs.com.vn/bieu-phi-dich-vu-giao-dich-phai-sinh/ ; https://www.ssi.com.vn/khach-hang-ca-nhan/bieu-phi/bieu-gia-dich-vu-giao-dich-chu-dong ; https://support.vndirect.com.vn/hc/vi/articles/14609738392473-H%C6%AF%E1%BB%9ANG-D%E1%BA%AAN-GIAO-D%E1%BB%8ACH-PH%C3%81I-SINH ; https://www.hsc.com.vn/vi/thong-bao-dieu-chinh-phi-giao-dich-phai-sinh,data/sources/derivatives_fee_3cols.csv; original Excel 2.5_Pricing A23:I29,2026-09-26,VND/contract/side,Snapshot 26 Sep 2026,A,FINAL,Expanded FEE source beyond current GitHub subset; exchange/VSDC charges explicitly excluded from DNSE revenue.
capability_availability,"Yes/No availability of the 22 benchmark features across DNSE, SSI, TCBS and VPS.","Official company/product pages, compiled feature-level evidence matrix",https://github.com/Xx-Pumpkin-xX/fba_roadto30_2026/blob/main/data/sources/2.4_capability_matrix.csv,data/sources/2.4_capability_matrix.csv; data/clean/2.4_capability_matrix_scored.csv,2026-09-26,Yes/No,Snapshot 26 Sep 2026,A / team-verified,FINAL,"Added to dictionary; source file stores feature-level URLs and checked date. AI-assisted, verified by team."
regulatory_margin_ceiling,Total margin lending must not exceed 200% of securities-company equity.,State Securities Commission – Decision 87/QĐ-UBCK,https://thuvienphapluat.vn/van-ban/Chung-khoan/Quyet-dinh-87-QD-UBCK-huong-dan-giao-dich-ky-quy-chung-khoan-2017-338440.aspx,Method used in data/clean/2.2_headroom.csv,2026-09-27,% of equity,Current rule applied to Q2/2026,A (regulation),FINAL,Added regulatory source; rule was used in model but absent from B_data_dictionary.csv.
margin_sample_share,Broker total lending divided by fixed six-broker sample total.,Derived from lending_total,,data/clean/B_total_loans_consistent.csv; data/clean/2.1_momentum.csv,2026-09-26,%,P0/P1 windows through Q2/2026,Derived,FINAL,Added derived-variable row; no new raw source.
regulatory_utilisation_headroom,Utilisation = lending_total/(2×equity); headroom = 2×equity − lending_total.,"Derived from lending_total, equity and regulatory ceiling",,data/clean/2.2_headroom.csv,2026-09-26,%; VND bn,Q4/2025 and Q2/2026,Derived,FINAL,Added formula lineage to dictionary.
net_lending_spread,Annualised lending yield less annualised funding cost.,"Derived from rev_lending, lending balances, interest expense and borrowing-cost inputs",,data/clean/2.3_efficiency.csv,2026-09-26,pp,H1/2026,Derived,FINAL,Added formula lineage; fixed final rank/value unchanged.
brokerage_contribution_margin,(Brokerage revenue − brokerage expense) / net brokerage revenue.,"Derived from brokerage revenue, brokerage expense and exchange-fee adjustment",,data/sources/brokerage_fees_H1_2026.csv; data/clean/2.3_efficiency.csv,2026-09-26,%,H1/2026,Derived,FINAL,Added final net-revenue definition; supersedes gross-margin view in original Excel.
derivatives_fee_revenue_per_1pp,Illustrative annual fee revenue retained by DNSE for +1 pp derivatives share.,"Derived from HNX market volume, DNSE share convention, two-sided factor and current DNSE fee tiers",,data/clean/B_deriv_inputs.csv; data/clean/B_deriv_fee_schedule.csv; original Excel 2.3_Derivatives,2026-09-27,VND bn/year,H1/2026 annualised run-rate,Derived estimate,FINAL,Estimate only; excludes exchange and VSDC fees and is not reported derivatives revenue.
